24,Female,Employee,Social Media Ads
24,Female,Employee,Influencer
22,Male,Employee,PP
22,Male,Employee,PP
22,Female,Employee,Social Media Ads
25,Male,Employee,Social Media Ads
23,Male,Employee,Social Media Ads
27,Male,Employee,Influencer
19,Male,Employee,Social Media Ads
33,Female,Employee,Social Media Ads
22,Female,Freelance,Social Media Ads
22,Male,Freelance,Social Media Ads
22,Female,Freelance,Social Media Ads
23,Female,Freelance,Social Media Ads
26,Male,Freelance,Community Partner
23,Female,Freelance,Community Partner
21,Female,Student,Social Media Ads
22,Female,Student,Social Media Ads
23,Male,Student,Social Media Ads
20,Male,Student,Social Media Ads
22,Female,Student,Community Partner
22,Female,Student,Community Partner
21,Male,Student,Social Media Ads
21,Male,Student,Social Media Ads
19,Female,Student,Community Partner
21,Male,Student,Social Media Ads
20,Male,Student,Community Partner
22,Male,Student,Social Media Ads
20,Male,Student,Social Media Ads
20,Female,Student,Community Partner
20,Female,Student,Community Partner
19,Female,Student,Community Partner
21,Male,Student,Social Media Ads
18,Male,Student,Influencer
20,Male,Student,Influencer
20,Male,Student,Social Media Ads
19,Male,Student,Social Media Ads
19,Male,Student,Social Media Ads
20,Male,Student,Community Partner
21,Male,Student,Social Media Ads
20,Female,Student,INVITED DELEGATE
18,Male,Student,Community Partner
19,Male,Student,Social Media Ads
19,Female,Student,Community Partner
24,Female,Student,Community Partner
20,Female,Student,Community Partner
19,Male,Student,Community Partner
20,Female,Student,Community Partner
20,Female,Student,INVITED DELEGATE
22,Female,Student,Social Media Ads
21,Male,Student,Influencer
21,Male,Student,Social Media Ads
20,Female,Student,Community Partner
19,Female,Student,Community Partner
20,Male,Student,Community Partner
20,Male,Student,Influencer
